{"cameraMode":{"drawMode":0,"name":"Shaded","section":"Shading Mode"},"sceneLighting":true,"audioPlay":false,"sceneViewState":{"showFog":true,"showMaterialUpdate":false,"showSkybox":true,"showFlares":true,"showImageEffects":true,"showParticleSystems":true},"in2DMode":false,"pivot":{"x":205.08645629882813,"y":-3.78462815284729,"z":108.73219299316406},"rotation":{"x":-0.20663118362426759,"y":0.07827480137348175,"z":-0.016586167737841607,"w":-0.9751418232917786},"size":408.94091796875,"orthographic":false}